title,channel,category_id,published_at,views,likes,comments
Cartel de Santa - Sapo (Video Oficial) | @elcarteldesantatv,elcarteldesantatv,10,2026-06-07T05:32:14Z,165030,34035,5917
Godzilla Destroy All Monsters Melee: Remastered Official Announce Trailer - IGN Live 2026,IGN,20,2026-06-06T19:32:32Z,374342,23510,2706
"SUMMER GAME FEST 2026: Official 4K60FPS Livestream, (Resident Evil Veronica, FINAL FANTASY VII)",thegameawards,20,2026-06-06T00:27:34Z,10848149,148107,568
"I Knew It, I Knew You",Taylor Swift - Topic,10,2026-06-05T04:00:37Z,3234971,153819,8271
Resident Evil Veronica - Announcement Trailer,Resident Evil,20,2026-06-05T23:31:56Z,1285548,110761,7829
I Survived 100 Days In Realistic Minecraft,MrBeast Gaming,20,2026-06-06T16:00:01Z,13916185,395727,15421
"Jnr Vigi, Liz Vamarasi - Lewa (Official Audio)",VT1S,10,2026-06-05T06:59:57Z,22227,1797,135
FINAL FANTASY VII REVELATION - Reveal Trailer,FINAL FANTASY,20,2026-06-05T23:06:05Z,554827,36577,3517
1000 Players Simulate THE PURGE in Minecraft,Wemmbu,20,2026-06-06T23:10:50Z,2190309,155876,17185
Mom Friend (Ft. Amanda Hufford & Lizzie Freeman)【THE AMAZING DIGITAL CIRCUS FAN MUSIC VIDEO】,KittenSneeze,10,2026-06-06T20:00:06Z,285286,34629,2536
Guild Wars 3 | Announcement Trailer,Guild Wars 2,20,2026-06-05T21:49:08Z,730815,36725,5798
roblox best gameplay,StanRP,20,2026-06-07T03:59:13Z,278663,2426,1
"French Montana, Max B & Remy Ma - Ever Since U Left Me (Big Bronx Remix) | From The Block 🎙",4 Shooters Only™,10,2026-06-05T16:02:07Z,394680,24016,2333
Best Summer Game Fest 2026 Trailers,GameSpot,20,2026-06-05T23:41:08Z,445159,10244,587
"Another Day, Another Road Trip...",SMii7Yplus,20,2026-06-06T19:13:39Z,752908,41314,1125
NoCap - Leverage [Official Music Video],NoCap,10,2026-06-05T21:00:02Z,208303,15551,624
Monster Hunter Wilds: Ascendance - Official Reveal Trailer,Monster Hunter,20,2026-06-05T23:17:02Z,655116,49550,5153
🔴LIVE | TARKOBUNGUS | MAX GOOP RAIDS ONLY | HUTCHMF x CLOAKZY | #BUNGULATE,TheBurntPeanut,20,2026-06-07T09:20:11Z,450278,8361,43
Romeo Santos - Imitadora | Letra,Sabor Amor,22,2026-06-06T11:32:37Z,220824,391,7
Star Wars Zero Company | Official Gameplay Trailer,EA Star Wars,20,2026-06-05T22:07:33Z,746342,29566,2268
I’m Going for Another World Record…,CaseOh,20,2026-06-06T22:00:27Z,270341,9674,902
Rylo Rodriguez - Bruddas,RyloRodriguezVEVO,10,2026-06-05T04:00:13Z,368364,22338,1278
Finding Frankie 2 - Official Game Trailer,SUPERLOU GAMES ,20,2026-06-06T21:15:38Z,274496,17341,2080
PLAYING ELDEN RING UNTIL I BEAT IT,Jynxzi,24,2026-06-07T06:44:15Z,960018,12492,196
"Fenix Flexin, Shoreline Mafia & Purps On The Beat - RUBBERZ (Official Lyric Video)",Fenix Flexin,10,2026-06-05T04:00:29Z,253569,13883,1119
Street Fighter 6 - Year 4 Character Reveal Trailer feat. Tifa (FINAL FANTASY VII Remake Series),Street Fighter,20,2026-06-05T22:46:58Z,290015,18465,5443
HOSTING STEAL A BRAINROT ADMIN ABUSE!,CaylusBlox,20,2026-06-06T20:45:21Z,1679232,54915,741
"Grupo Firme, Lenin Ramírez - En Tu Perra Vida (Letra)",Sonalux,10,2026-05-30T23:49:36Z,219897,568,2
Halloween: The Game Singleplayer Trailer,Gun,20,2026-06-06T19:21:54Z,65521,4467,456
WE MADE OUR PARENTS MAD..,Tyler & Snowi,20,2026-06-06T20:42:37Z,619960,38167,638
Morning Worship Songs 2026 ✝️ Top 100 Christian Praise & Worship Music Playlist | Goodness Of God,Top Worship Music,22,2026-06-06T09:45:43Z,216868,2075,68
Spider-Man Brand New Day Teaser,Emergency Awesome,24,2026-06-06T23:54:17Z,101998,3264,325
AGAR.IO Roblox Fun!,Rangist,20,2026-06-07T01:18:14Z,757935,2481,0
Cowgirl,Shaboozey - Topic,10,2026-06-05T04:07:05Z,96641,2004,32
Palworld 1.0 Cinematic Trailer,Pocketpair Palworld,20,2026-06-05T22:36:36Z,469667,34797,3527
Testing Scary Myth Minecraft Lies That Are Unsolved…,PrestonPlayz,20,2026-06-06T14:15:04Z,528741,10855,752
RUBBERZ,Release - Topic,10,2026-06-04T10:04:22Z,190492,10371,0
GUNDAM ROGUE ORBIT – Announcement Trailer,Bandai Namco Entertainment America,24,2026-06-05T21:40:53Z,459773,28196,3262
Who are these games made for??,Asmongold TV  ,20,2026-06-07T02:40:38Z,357196,10659,2653
Los Temerarios - Al Otro Lado Del Sol (Visualizer),LosTemerariosVEVO,10,2026-06-05T04:00:27Z,101723,539,2
College Football 27 | Official Reveal Trailer | EA SPORTS,EA SPORTS College,20,2026-06-05T00:13:04Z,391521,13451,1129
🔴 LIVE! - NEW SEASON 3 COUNTDOWN!,Typical Gamer,20,2026-06-06T13:59:22Z,1926186,32699,109
"Romeo Santos, Prince Royce - Ay! San Miguel (Official Video)",Romeo Santos,10,2026-06-05T13:59:10Z,975721,42448,2729
Monster Hunter Wilds Ascendance Reveal Trailer | Summer Game Fest 2026,GamersPrey,20,2026-06-05T22:22:54Z,186900,6203,895
What is the Worst Ghost Type Pokemon?,WolfeyVGC,20,2026-06-06T15:00:22Z,476474,23966,1281
Fuerza Regida - ANSIEDAD (Letra),Moda Mexico,22,2026-06-01T20:41:04Z,443132,320,1
Wuthering Waves × Cyberpunk: Edgerunners Collaboration Trailer | Dark Alley Legends,Wuthering Waves,20,2026-06-07T04:00:07Z,156787,20953,1061
GRIEF 84% 🔴 75%+ x20 🔴 25-100 x8 🔴 STREAM 357,Doggie,20,2026-06-07T06:06:21Z,360537,9044,176
Scrim- country boy freestyle (official music video),Scrim,22,2026-06-06T18:59:58Z,52683,7219,542
Star Wars: Galactic Racer™ | Official Story Trailer,Star Wars,24,2026-06-05T21:55:29Z,286236,12375,793
